{"_step":0,"train_loss":2.3721532821655273,"train_accuracy":0.0625,"_wandb":{"runtime":1},"_runtime":1,"_timestamp":1.76786697120591e+09}