{"_step":0,"_wandb":{"runtime":1},"_runtime":1,"train_loss":2.36139178276062,"train_accuracy":0.0625,"_timestamp":1.767867008449572e+09}