{"_timestamp":1.7678668585039349e+09,"_step":4689,"train_loss":0.0815524086356163,"_wandb":{"runtime":36},"_runtime":36,"train_accuracy":1}