{"train_accuracy":0.9375,"_timestamp":1.767868041849236e+09,"image_grid":{"path":"media/images/image_grid_4751_195cc3b7fb74a440f140.png","format":"png","width":152,"height":152,"_type":"image-file","sha256":"195cc3b7fb74a440f1406be3af59059d9487c5365c10ad520a51cd1799e38dd1","size":8065},"gradients":{"values":[1,0,0,0,0,1,1,0,0,0,0,1,0,1,0,0,0,3,2,1,1,2,2,0,4,3,3,4,3,10,5,35,97,499,6550,85774,763,107,36,17,12,4,1,5,0,1,1,0,1,1,2,2,1,0,0,2,1,0,0,1,0,0,0,1],"bins":[-0.17149022221565247,-0.16661453247070312,-0.16173884272575378,-0.15686316788196564,-0.1519874781370163,-0.14711178839206696,-0.1422361135482788,-0.13736042380332947,-0.13248473405838013,-0.1276090443134308,-0.12273336201906204,-0.1178576797246933,-0.11298198997974396,-0.10810630023479462,-0.10323061794042587,-0.09835493564605713,-0.09347924590110779,-0.08860355615615845,-0.0837278738617897,-0.07885219156742096,-0.07397650182247162,-0.06910081207752228,-0.06422512978315353,-0.05934944748878479,-0.05447375774383545,-0.04959806799888611,-0.04472237825393677,-0.03984670341014862,-0.03497101366519928,-0.03009532392024994,-0.025219649076461792,-0.02034395933151245,-0.01546826958656311,-0.01059257984161377,-0.005716890096664429,-0.0008412152528762817,0.004034474492073059,0.0089101642370224,0.013785839080810547,0.018661528825759888,0.02353721857070923,0.02841290831565857,0.03328859806060791,0.03816427290439606,0.0430399626493454,0.04791565239429474,0.052791327238082886,0.05766701698303223,0.06254270672798157,0.06741839647293091,0.07229408621788025,0.0771697610616684,0.08204546570777893,0.08692112565040588,0.09179681539535522,0.09667250514030457,0.1015481948852539,0.10642388463020325,0.11129957437515259,0.11617526412010193,0.12105092406272888,0.12592661380767822,0.13080230355262756,0.1356779932975769,0.14055368304252625],"_type":"histogram"},"_wandb":{"runtime":37},"_runtime":37,"_step":4789,"train_loss":0.09663949906826019}