{"_timestamp":1.767867130350213e+09,"_step":0,"_wandb":{"runtime":1},"_runtime":1,"train_loss":2.3083090782165527,"train_accuracy":0.15625}