{"train_accuracy":0.75,"image_grid":{"height":152,"_type":"image-file","sha256":"195cc3b7fb74a440f1406be3af59059d9487c5365c10ad520a51cd1799e38dd1","size":8065,"path":"media/images/image_grid_919_195cc3b7fb74a440f140.png","format":"png","width":152},"gradients":{"_type":"histogram","values":[2,2,0,0,1,0,5,3,5,6,6,6,8,11,10,38,81,239,975,10965,79869,1281,297,89,18,11,7,6,5,6,2,0,0,0,1,0,0,0,1,1,1,0,1,0,0,0,0,1,0,0,0,0,0,0,0,0,0,1,0,0,0,0,0,1],"bins":[-0.2524825930595398,-0.23995348811149597,-0.22742438316345215,-0.21489527821540833,-0.2023661732673645,-0.18983706831932068,-0.17730796337127686,-0.16477885842323303,-0.1522497534751892,-0.13972064852714539,-0.12719152867794037,-0.11466242372989655,-0.10213331878185272,-0.0896042138338089,-0.07707510888576508,-0.06454600393772125,-0.05201689898967743,-0.039487794041633606,-0.026958689093589783,-0.01442958414554596,-0.0019004642963409424,0.01062864065170288,0.023157745599746704,0.03568685054779053,0.04821595549583435,0.060745060443878174,0.073274165391922,0.08580327033996582,0.09833237528800964,0.11086148023605347,0.12339058518409729,0.1359196901321411,0.14844879508018494,0.16097790002822876,0.17350700497627258,0.1860361099243164,0.19856521487236023,0.21109431982040405,0.22362342476844788,0.2361525297164917,0.2486816644668579,0.26121073961257935,0.27373987436294556,0.286268949508667,0.2987980842590332,0.31132715940475464,0.32385629415512085,0.3363853693008423,0.3489145040512085,0.36144357919692993,0.37397271394729614,0.3865017890930176,0.3990309238433838,0.4115599989891052,0.42408913373947144,0.43661820888519287,0.4491473436355591,0.4616764187812805,0.47420555353164673,0.48673462867736816,0.4992637634277344,0.5117928385734558,0.524321973323822,0.5368510484695435,0.5493801832199097]},"_runtime":7,"_wandb":{"runtime":7},"_timestamp":1.767867645679986e+09,"_step":957,"train_loss":0.44202741980552673}