{"_timestamp":1.76786771697874e+09,"_step":4789,"image_grid":{"size":8065,"path":"media/images/image_grid_4751_195cc3b7fb74a440f140.png","format":"png","width":152,"height":152,"_type":"image-file","sha256":"195cc3b7fb74a440f1406be3af59059d9487c5365c10ad520a51cd1799e38dd1"},"gradients":{"bins":[-0.0678587481379509,-0.06623363494873047,-0.06460851430892944,-0.06298340111970901,-0.061358287930488586,-0.05973317101597786,-0.05810805410146713,-0.056482940912246704,-0.05485782399773598,-0.05323271080851555,-0.05160759389400482,-0.04998248070478439,-0.048357363790273666,-0.04673224687576294,-0.04510713368654251,-0.043482016772031784,-0.04185689985752106,-0.04023178666830063,-0.0386066734790802,-0.036981552839279175,-0.035356439650058746,-0.03373132646083832,-0.03210620954632759,-0.030481092631816864,-0.028855979442596436,-0.02723086252808571,-0.02560574933886528,-0.023980632424354553,-0.022355515509843826,-0.020730402320623398,-0.01910528540611267,-0.017480172216892242,-0.015855055302381516,-0.014229938387870789,-0.01260482519865036,-0.010979708284139633,-0.009354595094919205,-0.007729478180408478,-0.006104361265897751,-0.004479244351387024,-0.0028541311621665955,-0.001229017972946167,0.0003960952162742615,0.002021215856075287,0.0036463290452957153,0.005271442234516144,0.006896562874317169,0.008521676063537598,0.010146789252758026,0.011771909892559052,0.01339702308177948,0.015022136270999908,0.016647249460220337,0.018272370100021362,0.01989748328924179,0.02152259647846222,0.023147717118263245,0.024772830307483673,0.0263979434967041,0.028023064136505127,0.029648177325725555,0.031273290514945984,0.03289840370416641,0.03452352434396744,0.036148637533187866],"_type":"histogram","values":[1,0,0,0,0,0,0,0,0,0,0,0,0,0,0,1,0,2,1,2,0,1,1,0,0,0,1,4,0,1,2,4,4,0,6,14,18,36,97,297,1474,88508,2874,367,92,50,36,12,20,7,8,2,3,5,4,3,0,0,0,0,1,1,0,2]},"_wandb":{"runtime":33},"_runtime":33,"train_loss":0.17785829305648804,"train_accuracy":0.875}