{"_timestamp":1.767869159191405e+09,"_step":4789,"image_grid":{"_type":"image-file","sha256":"195cc3b7fb74a440f1406be3af59059d9487c5365c10ad520a51cd1799e38dd1","size":8065,"path":"media/images/image_grid_4751_195cc3b7fb74a440f140.png","format":"png","width":152,"height":152},"gradients":{"values":[1,0,0,0,1,1,0,0,0,1,1,2,1,0,0,0,1,1,0,1,0,2,1,0,5,14,40,51,107,259,850,85873,5768,620,187,91,32,28,3,3,3,3,0,0,1,0,2,1,1,0,2,0,0,0,1,0,0,1,1,0,0,0,0,1],"bins":[-0.18232373893260956,-0.17661620676517487,-0.17090865969657898,-0.1652011275291443,-0.1594935953617096,-0.1537860482931137,-0.14807851612567902,-0.14237096905708313,-0.13666343688964844,-0.13095590472221375,-0.12524835765361786,-0.11954082548618317,-0.11383328586816788,-0.10812574625015259,-0.1024182140827179,-0.0967106744647026,-0.09100313484668732,-0.08529559522867203,-0.07958805561065674,-0.07388052344322205,-0.06817298382520676,-0.06246544420719147,-0.056757912039756775,-0.05105036497116089,-0.045342832803726196,-0.039635300636291504,-0.03392775356769562,-0.028220221400260925,-0.022512689232826233,-0.016805142164230347,-0.011097609996795654,-0.005390062928199768,0.0003174692392349243,0.006025001406669617,0.011732548475265503,0.017440080642700195,0.02314762771129608,0.028855159878730774,0.034562692046165466,0.04027023911476135,0.045977771282196045,0.05168530344963074,0.057392850518226624,0.06310038268566132,0.06880791485309601,0.0745154470205307,0.08022300899028778,0.08593054115772247,0.09163807332515717,0.09734560549259186,0.10305313766002655,0.10876069962978363,0.11446823179721832,0.12017576396465302,0.1258832961320877,0.1315908282995224,0.1372983604669571,0.14300592243671417,0.14871345460414886,0.15442098677158356,0.16012851893901825,0.16583605110645294,0.17154361307621002,0.17725114524364471,0.1829586625099182],"_type":"histogram"},"_wandb":{"runtime":38},"_runtime":38,"train_loss":0.10535608977079391,"train_accuracy":1}