{"_runtime":37,"_step":4789,"train_loss":0.08148562163114548,"train_accuracy":0.9375,"_timestamp":1.767869052088758e+09,"image_grid":{"path":"media/images/image_grid_4751_195cc3b7fb74a440f140.png","format":"png","width":152,"height":152,"_type":"image-file","sha256":"195cc3b7fb74a440f1406be3af59059d9487c5365c10ad520a51cd1799e38dd1","size":8065},"gradients":{"_type":"histogram","values":[1,0,0,0,2,2,1,1,0,1,1,0,0,1,2,1,0,1,0,2,1,1,1,2,2,3,19,24,37,66,93,161,218,361,933,3474,84691,2353,720,354,146,97,67,37,18,19,11,12,1,3,1,1,3,4,2,1,4,3,0,0,0,1,0,1],"bins":[-0.05780380219221115,-0.05622329190373421,-0.054642777889966965,-0.05306226760149002,-0.05148175358772278,-0.049901243299245834,-0.04832073301076889,-0.04674021899700165,-0.045159704983234406,-0.04357919469475746,-0.04199868440628052,-0.040418170392513275,-0.03883766010403633,-0.03725714981555939,-0.035676635801792145,-0.0340961217880249,-0.03251561149954796,-0.030935099348425865,-0.029354587197303772,-0.02777407504618168,-0.026193562895059586,-0.02461305260658264,-0.0230325385928154,-0.021452028304338455,-0.01987151801586151,-0.01829100400209427,-0.016710493713617325,-0.015129979699850082,-0.013549469411373138,-0.011968955397605896,-0.010388445109128952,-0.00880793109536171,-0.007227420806884766,-0.005646910518407822,-0.004066396504640579,-0.0024858862161636353,-0.0009053722023963928,0.0006751380860805511,0.0022556520998477936,0.0038361623883247375,0.00541667640209198,0.0069971829652786255,0.008577696979045868,0.01015821099281311,0.011738725006580353,0.013319231569766998,0.01489974558353424,0.016480259597301483,0.01806076616048813,0.01964128017425537,0.021221794188022614,0.022802308201789856,0.0243828147649765,0.025963328778743744,0.027543842792510986,0.02912435680627823,0.030704863369464874,0.03228537738323212,0.03386589139699936,0.035446397960186005,0.03702691197395325,0.03860742598772049,0.04018794000148773,0.04176844656467438,0.04334896057844162]},"_wandb":{"runtime":37}}