{"_wandb":{"runtime":0},"_runtime":0,"_step":1,"train_loss":2.335900068283081,"train_accuracy":0.09375,"_timestamp":1.7678675311366148e+09,"image_grid":{"size":8020,"path":"media/images/image_grid_1_b097cd7a643ecdea60f5.png","format":"png","width":152,"height":152,"_type":"image-file","sha256":"b097cd7a643ecdea60f5206bec7a87aa0c5f7c7a8e7e586efa8c91efb0f775f3"}}