{"_wandb":{"runtime":42},"_runtime":42,"train_loss":0.22324173152446747,"train_accuracy":0.875,"_timestamp":1.767869358692039e+09,"_step":4789,"image_grid":{"format":"png","width":152,"height":152,"_type":"image-file","sha256":"195cc3b7fb74a440f1406be3af59059d9487c5365c10ad520a51cd1799e38dd1","size":8065,"path":"media/images/image_grid_4751_195cc3b7fb74a440f140.png"},"gradients":{"values":[1,0,0,1,0,0,0,0,0,0,0,1,0,2,2,0,0,3,4,0,2,1,2,1,2,3,3,13,36,87,401,15946,76975,342,78,22,5,3,1,6,4,2,2,2,0,4,1,0,0,1,1,0,1,0,0,0,0,0,0,0,0,0,0,1],"bins":[-0.2643364369869232,-0.2560771107673645,-0.24781779944896698,-0.23955847322940826,-0.23129916191101074,-0.22303983569145203,-0.2147805094718933,-0.2065211832523346,-0.19826187193393707,-0.19000256061553955,-0.18174323439598083,-0.17348390817642212,-0.1652245819568634,-0.15696527063846588,-0.14870594441890717,-0.14044663310050964,-0.13218730688095093,-0.12392798066139221,-0.11566866934299469,-0.10740934312343597,-0.09915003180503845,-0.09089070558547974,-0.08263137936592102,-0.0743720680475235,-0.06611274182796478,-0.05785341560840607,-0.049594104290008545,-0.04133477807044983,-0.03307545185089111,-0.02481614053249359,-0.016556814312934875,-0.008297502994537354,-3.8176774978637695e-05,0.008221149444580078,0.016480475664138794,0.024739772081375122,0.03299909830093384,0.041258424520492554,0.04951775074005127,0.057777076959609985,0.06603637337684631,0.07429569959640503,0.08255502581596375,0.09081435203552246,0.09907367825508118,0.10733300447463989,0.11559230089187622,0.12385162711143494,0.13211095333099365,0.14037027955055237,0.14862960577011108,0.1568889021873474,0.16514822840690613,0.17340755462646484,0.18166688084602356,0.18992620706558228,0.198185533285141,0.20644482970237732,0.21470415592193604,0.22296348214149475,0.23122280836105347,0.23948213458061218,0.2477414309978485,0.2560007870197296,0.26426008343696594],"_type":"histogram"}}