{"gradients":{"values":[1,0,0,0,0,1,0,0,0,0,0,0,0,1,0,1,0,0,2,2,2,5,4,4,3,4,11,12,22,122,994,79927,11957,717,105,25,5,8,5,3,8,1,1,0,1,0,1,1,1,2,0,1,0,0,0,0,0,0,0,0,0,0,1,1],"bins":[-0.4196670949459076,-0.40653157234191895,-0.3933960199356079,-0.38026049733161926,-0.3671249449253082,-0.3539894223213196,-0.34085386991500854,-0.3277183473110199,-0.31458282470703125,-0.3014472723007202,-0.2883117198944092,-0.27517619729042053,-0.2620406746864319,-0.24890513718128204,-0.2357695996761322,-0.22263406217098236,-0.20949852466583252,-0.19636298716068268,-0.18322744965553284,-0.170091912150383,-0.15695637464523315,-0.1438208520412445,-0.13068529963493347,-0.11754977703094482,-0.10441425442695618,-0.09127870202064514,-0.0781431794166565,-0.06500762701034546,-0.05187210440635681,-0.038736552000045776,-0.02560102939605713,-0.012465476989746094,0.0006700456142425537,0.013805568218231201,0.026941120624542236,0.040076643228530884,0.05321219563484192,0.06634771823883057,0.0794832706451416,0.09261879324913025,0.10575434565544128,0.11888983845710754,0.13202539086341858,0.14516094326972961,0.15829649567604065,0.1714319884777069,0.18456754088401794,0.19770309329032898,0.21083858609199524,0.22397413849830627,0.2371096909046173,0.25024524331092834,0.2633807361125946,0.27651628851890564,0.2896518409252167,0.3027873933315277,0.31592288613319397,0.329058438539505,0.34219399094581604,0.3553294837474823,0.36846503615379333,0.38160058856010437,0.3947361409664154,0.40787163376808167,0.4210072159767151],"_type":"histogram"},"_wandb":{"runtime":7},"_runtime":7,"train_loss":0.14404819905757904,"train_accuracy":0.9375,"_timestamp":1.767867562775719e+09,"_step":957,"image_grid":{"format":"png","width":152,"height":152,"_type":"image-file","sha256":"195cc3b7fb74a440f1406be3af59059d9487c5365c10ad520a51cd1799e38dd1","size":8065,"path":"media/images/image_grid_919_195cc3b7fb74a440f140.png"}}