{"_wandb":{"runtime":1},"_runtime":1,"_timestamp":1.76786724777393e+09,"_step":0,"train_loss":2.3023734092712402,"train_accuracy":0.15625}