{"image_grid":{"path":"media/images/image_grid_4751_195cc3b7fb74a440f140.png","format":"png","width":152,"height":152,"_type":"image-file","sha256":"195cc3b7fb74a440f1406be3af59059d9487c5365c10ad520a51cd1799e38dd1","size":8065},"gradients":{"_type":"histogram","values":[1,0,1,0,1,0,0,0,0,1,1,1,0,1,1,0,0,0,1,2,0,0,0,0,3,4,6,3,10,17,30,35,55,115,238,617,4531,86378,1338,308,122,54,28,16,12,7,5,4,2,3,1,2,2,0,0,0,0,0,0,3,0,0,1,1],"bins":[-0.1411520093679428,-0.13736779987812042,-0.13358359038829803,-0.12979936599731445,-0.12601515650749207,-0.12223094701766968,-0.11844673752784729,-0.1146625280380249,-0.11087831109762192,-0.10709410160779953,-0.10330988466739655,-0.09952567517757416,-0.09574146568775177,-0.09195725619792938,-0.0881730392575264,-0.08438882976770401,-0.08060461282730103,-0.07682040333747864,-0.07303619384765625,-0.06925197690725327,-0.06546776741743088,-0.06168355792760849,-0.057899340987205505,-0.05411513149738312,-0.05033092200756073,-0.046546705067157745,-0.04276249557733536,-0.03897828608751297,-0.035194069147109985,-0.0314098596572876,-0.02762565016746521,-0.023841433227062225,-0.020057223737239838,-0.01627301424741745,-0.012488797307014465,-0.008704587817192078,-0.00492037832736969,-0.0011361688375473022,0.0026480555534362793,0.006432265043258667,0.010216474533081055,0.014000684022903442,0.01778489351272583,0.021569103002548218,0.0253533273935318,0.029137536883354187,0.032921746373176575,0.03670595586299896,0.04049016535282135,0.04427437484264374,0.04805859923362732,0.05184280872344971,0.055627018213272095,0.05941122770309448,0.06319543719291687,0.06697964668273926,0.07076387107372284,0.07454808056354523,0.07833229005336761,0.08211649954319,0.08590070903301239,0.08968491852283478,0.09346914291381836,0.09725335240364075,0.10103756189346313]},"_wandb":{"runtime":36},"_runtime":36,"_step":4789,"train_loss":0.10083048045635223,"train_accuracy":1,"_timestamp":1.767868099612093e+09}