{"train_loss":2.3856072425842285,"train_accuracy":0.0625,"_wandb":{"runtime":1},"_runtime":1,"_timestamp":1.767867181647647e+09,"_step":0}